seed_id,canonical_name_ko,canonical_name_en,institution_group_key,campus_name,slug,slug_status,institution_type,legal_category,province,city_district,address,grade_range_raw,offers_kindergarten,offers_elementary,offers_middle,offers_high,teaching_language_raw,teaching_language_normalized,official_website_url_raw,official_website_url_normalized,canonical_domain,registry_name,registry_external_id,registry_record_id_status,registry_record_url,registry_locator,operating_status,identity_verification_status,verified_at,url_http_status,url_last_checked_at,crawl_status,source_binding_status,publication_status,monitoring_priority,monitoring_cadence,notes
schoolinfo:a1cf72d2-76ab-4aac-a16c-0e9c9fd912b5,심석초등학교,,,,simseok-e,PROVISIONAL,PRIVATE_ELEMENTARY,PRIVATE_ELEMENTARY_SCHOOL,경기도,남양주시,경기도 남양주시 화도읍 마석로76번길 10,초등학교(1–6),False,True,False,False,,,https://simseok-e.goegn.kr/simseok-e/main.do,https://simseok-e.goegn.kr/simseok-e/main.do,simseok-e.goegn.kr,SCHOOLINFO,a1cf72d2-76ab-4aac-a16c-0e9c9fd912b5,RESOLVED,https://www.schoolinfo.go.kr/ei/ss/Pneiss_b01_s0.do?SHL_IDF_CD=a1cf72d2-76ab-4aac-a16c-0e9c9fd912b5,심석초등학교 | 경기도 남양주시 화도읍 마석로76번길 10,ACTIVE,VERIFIED_OFFICIAL_REGISTRY,2026-08-27,NOT_CHECKED,,NOT_STARTED,SEEDED,INTERNAL_ONLY,P1,SEASONAL_WEEKLY,
schoolinfo:e00428f1-d7a0-42ca-8729-354954c39bf7,소화초등학교,,,,sohwa-e,PROVISIONAL,PRIVATE_ELEMENTARY,PRIVATE_ELEMENTARY_SCHOOL,경기도,수원시 영통구,경기도 수원시 영통구 광교중앙로 30,초등학교(1–6),False,True,False,False,,,http://sohwa-e.goesw.kr,http://sohwa-e.goesw.kr,sohwa-e.goesw.kr,SCHOOLINFO,e00428f1-d7a0-42ca-8729-354954c39bf7,RESOLVED,https://www.schoolinfo.go.kr/ei/ss/Pneiss_b01_s0.do?SHL_IDF_CD=e00428f1-d7a0-42ca-8729-354954c39bf7,소화초등학교 | 경기도 수원시 영통구 광교중앙로 30,ACTIVE,VERIFIED_OFFICIAL_REGISTRY,2026-08-27,NOT_CHECKED,,NOT_STARTED,SEEDED,INTERNAL_ONLY,P1,SEASONAL_WEEKLY,
schoolinfo:324e6d3c-8101-4a06-bbca-457b7de5aab2,중앙기독초등학교,,,,suwoncca,PROVISIONAL,PRIVATE_ELEMENTARY,PRIVATE_ELEMENTARY_SCHOOL,경기도,수원시 영통구,경기도 수원시 영통구 월드컵로 70,초등학교(1–6),False,True,False,False,,,www.suwoncca.org,http://www.suwoncca.org,suwoncca.org,SCHOOLINFO,324e6d3c-8101-4a06-bbca-457b7de5aab2,RESOLVED,https://www.schoolinfo.go.kr/ei/ss/Pneiss_b01_s0.do?SHL_IDF_CD=324e6d3c-8101-4a06-bbca-457b7de5aab2,중앙기독초등학교 | 경기도 수원시 영통구 월드컵로 70,ACTIVE,VERIFIED_OFFICIAL_REGISTRY,2026-08-27,NOT_CHECKED,,NOT_STARTED,SEEDED,INTERNAL_ONLY,P1,SEASONAL_WEEKLY,
schoolinfo:552149de-4c96-4160-a462-52fd4e970818,영훈초등학교,,,,younghoon,PROVISIONAL,PRIVATE_ELEMENTARY,PRIVATE_ELEMENTARY_SCHOOL,서울특별시,강북구,서울특별시 강북구 도봉로13가길 19,초등학교(1–6),False,True,False,False,,,http://www.younghoon.es.kr,http://www.younghoon.es.kr,younghoon.es.kr,SCHOOLINFO,552149de-4c96-4160-a462-52fd4e970818,RESOLVED,https://www.schoolinfo.go.kr/ei/ss/Pneiss_b01_s0.do?SHL_IDF_CD=552149de-4c96-4160-a462-52fd4e970818,영훈초등학교 | 서울특별시 강북구 도봉로13가길 19,ACTIVE,VERIFIED_OFFICIAL_REGISTRY,2026-08-27,NOT_CHECKED,,NOT_STARTED,SEEDED,INTERNAL_ONLY,P1,SEASONAL_WEEKLY,
schoolinfo-pending:yooseok.sen.es.kr,유석초등학교,,,,yooseok,PROVISIONAL,PRIVATE_ELEMENTARY,PRIVATE_ELEMENTARY_SCHOOL,서울특별시,강서구,서울특별시 강서구 화곡로69길 9,초등학교(1–6),False,True,False,False,,,http://yooseok.sen.es.kr,http://yooseok.sen.es.kr,yooseok.sen.es.kr,SCHOOLINFO,,PENDING,https://www.schoolinfo.go.kr/,유석초등학교 | 서울특별시 강서구 화곡로69길 9,ACTIVE,VERIFIED_REGISTRY_LIST_RECORD_ID_PENDING,2026-08-27,NOT_CHECKED,,NOT_STARTED,SEEDED,INTERNAL_ONLY,P1,SEASONAL_WEEKLY,SchoolInfo deep-link UUID must be reconciled before production import.
schoolinfo:cbc4749a-ebaa-4e21-a164-ee341251c615,경복초등학교,,,,kbes,PROVISIONAL,PRIVATE_ELEMENTARY,PRIVATE_ELEMENTARY_SCHOOL,서울특별시,광진구,서울특별시 광진구 천호대로130길 58,초등학교(1–6),False,True,False,False,,,http://www.kbes.kr,http://www.kbes.kr,kbes.kr,SCHOOLINFO,cbc4749a-ebaa-4e21-a164-ee341251c615,RESOLVED,https://www.schoolinfo.go.kr/ei/ss/Pneiss_b01_s0.do?SHL_IDF_CD=cbc4749a-ebaa-4e21-a164-ee341251c615,경복초등학교 | 서울특별시 광진구 천호대로130길 58,ACTIVE,VERIFIED_OFFICIAL_REGISTRY,2026-08-27,NOT_CHECKED,,NOT_STARTED,SEEDED,INTERNAL_ONLY,P1,SEASONAL_WEEKLY,
schoolinfo:55059a42-eda3-41ca-a94c-4584afd984a3,성동초등학교,,,,sungdong,PROVISIONAL,PRIVATE_ELEMENTARY,PRIVATE_ELEMENTARY_SCHOOL,서울특별시,광진구,서울특별시 광진구 자양로4길 63,초등학교(1–6),False,True,False,False,,,http://sungdong.sen.es.kr,http://sungdong.sen.es.kr,sungdong.sen.es.kr,SCHOOLINFO,55059a42-eda3-41ca-a94c-4584afd984a3,RESOLVED,https://www.schoolinfo.go.kr/ei/ss/Pneiss_b01_s0.do?SHL_IDF_CD=55059a42-eda3-41ca-a94c-4584afd984a3,성동초등학교 | 서울특별시 광진구 자양로4길 63,ACTIVE,VERIFIED_OFFICIAL_REGISTRY,2026-08-27,NOT_CHECKED,,NOT_STARTED,SEEDED,INTERNAL_ONLY,P1,SEASONAL_WEEKLY,
schoolinfo:c5e26642-adec-46b4-9b98-924367f25492,세종초등학교,,,,sejong,PROVISIONAL,PRIVATE_ELEMENTARY,PRIVATE_ELEMENTARY_SCHOOL,서울특별시,광진구,서울특별시 광진구 군자로 114,초등학교(1–6),False,True,False,False,,,http://sejong.sen.es.kr,http://sejong.sen.es.kr,sejong.sen.es.kr,SCHOOLINFO,c5e26642-adec-46b4-9b98-924367f25492,RESOLVED,https://www.schoolinfo.go.kr/ei/ss/Pneiss_b01_s0.do?SHL_IDF_CD=c5e26642-adec-46b4-9b98-924367f25492,세종초등학교 | 서울특별시 광진구 군자로 114,ACTIVE,VERIFIED_OFFICIAL_REGISTRY,2026-08-27,NOT_CHECKED,,NOT_STARTED,SEEDED,INTERNAL_ONLY,P1,SEASONAL_WEEKLY,
schoolinfo:ba1b119d-b51a-41f3-8ad8-3c1571a27b9d,동광초등학교,,,,donggwang,PROVISIONAL,PRIVATE_ELEMENTARY,PRIVATE_ELEMENTARY_SCHOOL,서울특별시,금천구,서울특별시 금천구 탑골로10길 45,초등학교(1–6),False,True,False,False,,,http://donggwang.sen.es.kr,http://donggwang.sen.es.kr,donggwang.sen.es.kr,SCHOOLINFO,ba1b119d-b51a-41f3-8ad8-3c1571a27b9d,RESOLVED,https://www.schoolinfo.go.kr/ei/ss/Pneiss_b01_s0.do?SHL_IDF_CD=ba1b119d-b51a-41f3-8ad8-3c1571a27b9d,동광초등학교 | 서울특별시 금천구 탑골로10길 45,ACTIVE,VERIFIED_OFFICIAL_REGISTRY,2026-08-27,NOT_CHECKED,,NOT_STARTED,SEEDED,INTERNAL_ONLY,P1,SEASONAL_WEEKLY,
schoolinfo-pending:smcho.sen.es.kr,상명초등학교,,,,smcho,PROVISIONAL,PRIVATE_ELEMENTARY,PRIVATE_ELEMENTARY_SCHOOL,서울특별시,노원구,서울특별시 노원구 덕릉로 541,초등학교(1–6),False,True,False,False,,,https://smcho.sen.es.kr/,https://smcho.sen.es.kr,smcho.sen.es.kr,SCHOOLINFO,,PENDING,https://www.schoolinfo.go.kr/,상명초등학교 | 서울특별시 노원구 덕릉로 541,ACTIVE,VERIFIED_REGISTRY_LIST_RECORD_ID_PENDING,2026-08-27,NOT_CHECKED,,NOT_STARTED,SEEDED,INTERNAL_ONLY,P1,SEASONAL_WEEKLY,SchoolInfo deep-link UUID must be reconciled before production import.
schoolinfo-pending:cheongwon.sen.es.kr,청원초등학교,,,,cheongwon,PROVISIONAL,PRIVATE_ELEMENTARY,PRIVATE_ELEMENTARY_SCHOOL,서울특별시,노원구,서울특별시 노원구 한글비석로 506,초등학교(1–6),False,True,False,False,,,http://cheongwon.sen.es.kr,http://cheongwon.sen.es.kr,cheongwon.sen.es.kr,SCHOOLINFO,,PENDING,https://www.schoolinfo.go.kr/,청원초등학교 | 서울특별시 노원구 한글비석로 506,ACTIVE,VERIFIED_REGISTRY_LIST_RECORD_ID_PENDING,2026-08-27,NOT_CHECKED,,NOT_STARTED,SEEDED,INTERNAL_ONLY,P1,SEASONAL_WEEKLY,SchoolInfo deep-link UUID must be reconciled before production import.
schoolinfo:3ddc670c-04bb-44e8-9966-791af18eb7a6,태강삼육초등학교,,,,taegang,PROVISIONAL,PRIVATE_ELEMENTARY,PRIVATE_ELEMENTARY_SCHOOL,서울특별시,노원구,서울특별시 노원구 화랑로 815,초등학교(1–6),False,True,False,False,,,http://taegang.sen.es.kr,http://taegang.sen.es.kr,taegang.sen.es.kr,SCHOOLINFO,3ddc670c-04bb-44e8-9966-791af18eb7a6,RESOLVED,https://www.schoolinfo.go.kr/ei/ss/Pneiss_b01_s0.do?SHL_IDF_CD=3ddc670c-04bb-44e8-9966-791af18eb7a6,태강삼육초등학교 | 서울특별시 노원구 화랑로 815,ACTIVE,VERIFIED_OFFICIAL_REGISTRY,2026-08-27,NOT_CHECKED,,NOT_STARTED,SEEDED,INTERNAL_ONLY,P1,SEASONAL_WEEKLY,
schoolinfo:669c6e89-38a3-4547-92f8-afb31abb9d7f,화랑초등학교,,,,hwarang-s,PROVISIONAL,PRIVATE_ELEMENTARY,PRIVATE_ELEMENTARY_SCHOOL,서울특별시,노원구,서울특별시 노원구 화랑로 621,초등학교(1–6),False,True,False,False,,,http://hwarang-s.sen.es.kr,http://hwarang-s.sen.es.kr,hwarang-s.sen.es.kr,SCHOOLINFO,669c6e89-38a3-4547-92f8-afb31abb9d7f,RESOLVED,https://www.schoolinfo.go.kr/ei/ss/Pneiss_b01_s0.do?SHL_IDF_CD=669c6e89-38a3-4547-92f8-afb31abb9d7f,화랑초등학교 | 서울특별시 노원구 화랑로 621,ACTIVE,VERIFIED_OFFICIAL_REGISTRY,2026-08-27,NOT_CHECKED,,NOT_STARTED,SEEDED,INTERNAL_ONLY,P1,SEASONAL_WEEKLY,
schoolinfo:d8ff5bf9-fd69-4436-8c39-587460a90fcf,동북초등학교,,,,dongbuk,PROVISIONAL,PRIVATE_ELEMENTARY,PRIVATE_ELEMENTARY_SCHOOL,서울특별시,도봉구,서울특별시 도봉구 시루봉로 53,초등학교(1–6),False,True,False,False,,,http://dongbuk.sen.es.kr,http://dongbuk.sen.es.kr,dongbuk.sen.es.kr,SCHOOLINFO,d8ff5bf9-fd69-4436-8c39-587460a90fcf,RESOLVED,https://www.schoolinfo.go.kr/ei/ss/Pneiss_b01_s0.do?SHL_IDF_CD=d8ff5bf9-fd69-4436-8c39-587460a90fcf,동북초등학교 | 서울특별시 도봉구 시루봉로 53,ACTIVE,VERIFIED_OFFICIAL_REGISTRY,2026-08-27,NOT_CHECKED,,NOT_STARTED,SEEDED,INTERNAL_ONLY,P1,SEASONAL_WEEKLY,
schoolinfo:d1221895-1e27-466c-95db-fab495887712,한신초등학교,,,,ihansin,PROVISIONAL,PRIVATE_ELEMENTARY,PRIVATE_ELEMENTARY_SCHOOL,서울특별시,도봉구,서울특별시 도봉구 노해로49길 69,초등학교(1–6),False,True,False,False,,,https://ihansin.sen.es.kr,https://ihansin.sen.es.kr,ihansin.sen.es.kr,SCHOOLINFO,d1221895-1e27-466c-95db-fab495887712,RESOLVED,https://www.schoolinfo.go.kr/ei/ss/Pneiss_b01_s0.do?SHL_IDF_CD=d1221895-1e27-466c-95db-fab495887712,한신초등학교 | 서울특별시 도봉구 노해로49길 69,ACTIVE,VERIFIED_OFFICIAL_REGISTRY,2026-08-27,NOT_CHECKED,,NOT_STARTED,SEEDED,INTERNAL_ONLY,P1,SEASONAL_WEEKLY,
schoolinfo:30b5c818-362d-4eac-8b41-cfbe9ccd4800,경희초등학교,,,,kyunghee,PROVISIONAL,PRIVATE_ELEMENTARY,PRIVATE_ELEMENTARY_SCHOOL,서울특별시,동대문구,서울특별시 동대문구 경희대로 26,초등학교(1–6),False,True,False,False,,,http://kyunghee.sen.es.kr,http://kyunghee.sen.es.kr,kyunghee.sen.es.kr,SCHOOLINFO,30b5c818-362d-4eac-8b41-cfbe9ccd4800,RESOLVED,https://www.schoolinfo.go.kr/ei/ss/Pneiss_b01_s0.do?SHL_IDF_CD=30b5c818-362d-4eac-8b41-cfbe9ccd4800,경희초등학교 | 서울특별시 동대문구 경희대로 26,ACTIVE,VERIFIED_OFFICIAL_REGISTRY,2026-08-27,NOT_CHECKED,,NOT_STARTED,SEEDED,INTERNAL_ONLY,P1,SEASONAL_WEEKLY,
schoolinfo:d535233a-f7e2-4b98-98ca-223d916c0ac4,서울삼육초등학교,,,,seoul36,PROVISIONAL,PRIVATE_ELEMENTARY,PRIVATE_ELEMENTARY_SCHOOL,서울특별시,동대문구,서울특별시 동대문구 회기로10길 63,초등학교(1–6),False,True,False,False,,,http://seoul36.sen.es.kr,http://seoul36.sen.es.kr,seoul36.sen.es.kr,SCHOOLINFO,d535233a-f7e2-4b98-98ca-223d916c0ac4,RESOLVED,https://www.schoolinfo.go.kr/ei/ss/Pneiss_b01_s0.do?SHL_IDF_CD=d535233a-f7e2-4b98-98ca-223d916c0ac4,서울삼육초등학교 | 서울특별시 동대문구 회기로10길 63,ACTIVE,VERIFIED_OFFICIAL_REGISTRY,2026-08-27,NOT_CHECKED,,NOT_STARTED,SEEDED,INTERNAL_ONLY,P1,SEASONAL_WEEKLY,
schoolinfo:81f0cde5-7867-4302-94bd-363bd90cbc44,은석초등학교,,,,eunseok,PROVISIONAL,PRIVATE_ELEMENTARY,PRIVATE_ELEMENTARY_SCHOOL,서울특별시,동대문구,서울특별시 동대문구 장안벚꽃로 205,초등학교(1–6),False,True,False,False,,,http://eunseok.sen.es.kr/index.do,http://eunseok.sen.es.kr/index.do,eunseok.sen.es.kr,SCHOOLINFO,81f0cde5-7867-4302-94bd-363bd90cbc44,RESOLVED,https://www.schoolinfo.go.kr/ei/ss/Pneiss_b01_s0.do?SHL_IDF_CD=81f0cde5-7867-4302-94bd-363bd90cbc44,은석초등학교 | 서울특별시 동대문구 장안벚꽃로 205,ACTIVE,VERIFIED_OFFICIAL_REGISTRY,2026-08-27,NOT_CHECKED,,NOT_STARTED,SEEDED,INTERNAL_ONLY,P1,SEASONAL_WEEKLY,
schoolinfo-pending:cau.sen.es.kr,중앙대학교사범대학부속초등학교,,,,cau,PROVISIONAL,PRIVATE_ELEMENTARY,PRIVATE_ELEMENTARY_SCHOOL,서울특별시,동작구,서울특별시 동작구 서달로 135,초등학교(1–6),False,True,False,False,,,https://cau.sen.es.kr,https://cau.sen.es.kr,cau.sen.es.kr,SCHOOLINFO,,PENDING,https://www.schoolinfo.go.kr/,중앙대학교사범대학부속초등학교 | 서울특별시 동작구 서달로 135,ACTIVE,VERIFIED_REGISTRY_LIST_RECORD_ID_PENDING,2026-08-27,NOT_CHECKED,,NOT_STARTED,SEEDED,INTERNAL_ONLY,P1,SEASONAL_WEEKLY,SchoolInfo deep-link UUID must be reconciled before production import.
schoolinfo:bbc39723-ee2a-4f27-bf7d-1eee81d9fc2a,홍익대학교사범대학부속초등학교,,,,hongik,PROVISIONAL,PRIVATE_ELEMENTARY,PRIVATE_ELEMENTARY_SCHOOL,서울특별시,마포구,서울특별시 마포구 성미산로 51,초등학교(1–6),False,True,False,False,,,http://hongik.sen.es.kr,http://hongik.sen.es.kr,hongik.sen.es.kr,SCHOOLINFO,bbc39723-ee2a-4f27-bf7d-1eee81d9fc2a,RESOLVED,https://www.schoolinfo.go.kr/ei/ss/Pneiss_b01_s0.do?SHL_IDF_CD=bbc39723-ee2a-4f27-bf7d-1eee81d9fc2a,홍익대학교사범대학부속초등학교 | 서울특별시 마포구 성미산로 51,ACTIVE,VERIFIED_OFFICIAL_REGISTRY,2026-08-27,NOT_CHECKED,,NOT_STARTED,SEEDED,INTERNAL_ONLY,P1,SEASONAL_WEEKLY,
schoolinfo:f822df6f-a44d-4b0d-8ba8-b828775062d2,경기초등학교,,,,kyonggi,PROVISIONAL,PRIVATE_ELEMENTARY,PRIVATE_ELEMENTARY_SCHOOL,서울특별시,서대문구,서울특별시 서대문구 경기대로9길 10,초등학교(1–6),False,True,False,False,,,http://kyonggi.sen.es.kr,http://kyonggi.sen.es.kr,kyonggi.sen.es.kr,SCHOOLINFO,f822df6f-a44d-4b0d-8ba8-b828775062d2,RESOLVED,https://www.schoolinfo.go.kr/ei/ss/Pneiss_b01_s0.do?SHL_IDF_CD=f822df6f-a44d-4b0d-8ba8-b828775062d2,경기초등학교 | 서울특별시 서대문구 경기대로9길 10,ACTIVE,VERIFIED_OFFICIAL_REGISTRY,2026-08-27,NOT_CHECKED,,NOT_STARTED,SEEDED,INTERNAL_ONLY,P1,SEASONAL_WEEKLY,
schoolinfo:be2cca1a-1706-4546-917d-acfc5a8df2e0,명지초등학교,,,,myongji,PROVISIONAL,PRIVATE_ELEMENTARY,PRIVATE_ELEMENTARY_SCHOOL,서울특별시,서대문구,서울특별시 서대문구 명지2길 32-20,초등학교(1–6),False,True,False,False,,,http://www.myongji.net,http://www.myongji.net,myongji.net,SCHOOLINFO,be2cca1a-1706-4546-917d-acfc5a8df2e0,RESOLVED,https://www.schoolinfo.go.kr/ei/ss/Pneiss_b01_s0.do?SHL_IDF_CD=be2cca1a-1706-4546-917d-acfc5a8df2e0,명지초등학교 | 서울특별시 서대문구 명지2길 32-20,ACTIVE,VERIFIED_OFFICIAL_REGISTRY,2026-08-27,NOT_CHECKED,,NOT_STARTED,SEEDED,INTERNAL_ONLY,P1,SEASONAL_WEEKLY,
schoolinfo:ef0648a7-a4eb-4863-a5a3-8343cbae9371,이화여자대학교사범대학부속초등학교,,,,ewha,PROVISIONAL,PRIVATE_ELEMENTARY,PRIVATE_ELEMENTARY_SCHOOL,서울특별시,서대문구,서울특별시 서대문구 성산로 512-39,초등학교(1–6),False,True,False,False,,,http://ewha.sen.es.kr,http://ewha.sen.es.kr,ewha.sen.es.kr,SCHOOLINFO,ef0648a7-a4eb-4863-a5a3-8343cbae9371,RESOLVED,https://www.schoolinfo.go.kr/ei/ss/Pneiss_b01_s0.do?SHL_IDF_CD=ef0648a7-a4eb-4863-a5a3-8343cbae9371,이화여자대학교사범대학부속초등학교 | 서울특별시 서대문구 성산로 512-39,ACTIVE,VERIFIED_OFFICIAL_REGISTRY,2026-08-27,NOT_CHECKED,,NOT_STARTED,SEEDED,INTERNAL_ONLY,P1,SEASONAL_WEEKLY,
schoolinfo:940f3bac-a31e-4007-b00e-2a8941d8c9d2,추계초등학교,,,,chugye,PROVISIONAL,PRIVATE_ELEMENTARY,PRIVATE_ELEMENTARY_SCHOOL,서울특별시,서대문구,서울특별시 서대문구 북아현로11가길 7,초등학교(1–6),False,True,False,False,,,http://chugye.sen.es.kr,http://chugye.sen.es.kr,chugye.sen.es.kr,SCHOOLINFO,940f3bac-a31e-4007-b00e-2a8941d8c9d2,RESOLVED,https://www.schoolinfo.go.kr/ei/ss/Pneiss_b01_s0.do?SHL_IDF_CD=940f3bac-a31e-4007-b00e-2a8941d8c9d2,추계초등학교 | 서울특별시 서대문구 북아현로11가길 7,ACTIVE,VERIFIED_OFFICIAL_REGISTRY,2026-08-27,NOT_CHECKED,,NOT_STARTED,SEEDED,INTERNAL_ONLY,P1,SEASONAL_WEEKLY,
schoolinfo:c2f9d7a4-71ba-46b8-8f8e-e59c7659af70,계성초등학교,,,,gyeseong1882,PROVISIONAL,PRIVATE_ELEMENTARY,PRIVATE_ELEMENTARY_SCHOOL,서울특별시,서초구,서울특별시 서초구 신반포로19길 23,초등학교(1–6),False,True,False,False,,,http://www.gyeseong1882.es.kr,http://www.gyeseong1882.es.kr,gyeseong1882.es.kr,SCHOOLINFO,c2f9d7a4-71ba-46b8-8f8e-e59c7659af70,RESOLVED,https://www.schoolinfo.go.kr/ei/ss/Pneiss_b01_s0.do?SHL_IDF_CD=c2f9d7a4-71ba-46b8-8f8e-e59c7659af70,계성초등학교 | 서울특별시 서초구 신반포로19길 23,ACTIVE,VERIFIED_OFFICIAL_REGISTRY,2026-08-27,NOT_CHECKED,,NOT_STARTED,SEEDED,INTERNAL_ONLY,P1,SEASONAL_WEEKLY,
schoolinfo:8bc3c248-5e5a-4278-a149-737222501934,한양초등학교,,,,hye,PROVISIONAL,PRIVATE_ELEMENTARY,PRIVATE_ELEMENTARY_SCHOOL,서울특별시,성동구,서울특별시 성동구 살곶이길 208,초등학교(1–6),False,True,False,False,,,http://www.hye.or.kr,http://www.hye.or.kr,hye.or.kr,SCHOOLINFO,8bc3c248-5e5a-4278-a149-737222501934,RESOLVED,https://www.schoolinfo.go.kr/ei/ss/Pneiss_b01_s0.do?SHL_IDF_CD=8bc3c248-5e5a-4278-a149-737222501934,한양초등학교 | 서울특별시 성동구 살곶이길 208,ACTIVE,VERIFIED_OFFICIAL_REGISTRY,2026-08-27,NOT_CHECKED,,NOT_STARTED,SEEDED,INTERNAL_ONLY,P1,SEASONAL_WEEKLY,
schoolinfo:65f954be-36fd-4012-87c3-4051b07a4012,광운초등학교,,,,kwangwoon,PROVISIONAL,PRIVATE_ELEMENTARY,PRIVATE_ELEMENTARY_SCHOOL,서울특별시,성북구,서울특별시 성북구 한천로 694,초등학교(1–6),False,True,False,False,,,http://kwangwoon.sen.es.kr,http://kwangwoon.sen.es.kr,kwangwoon.sen.es.kr,SCHOOLINFO,65f954be-36fd-4012-87c3-4051b07a4012,RESOLVED,https://www.schoolinfo.go.kr/ei/ss/Pneiss_b01_s0.do?SHL_IDF_CD=65f954be-36fd-4012-87c3-4051b07a4012,광운초등학교 | 서울특별시 성북구 한천로 694,ACTIVE,VERIFIED_OFFICIAL_REGISTRY,2026-08-27,NOT_CHECKED,,NOT_STARTED,SEEDED,INTERNAL_ONLY,P1,SEASONAL_WEEKLY,
schoolinfo:778effb5-d9b1-4fac-9c3a-67e3908ee13e,대광초등학교,,,,daegwang,PROVISIONAL,PRIVATE_ELEMENTARY,PRIVATE_ELEMENTARY_SCHOOL,서울특별시,성북구,서울특별시 성북구 안암로 5,초등학교(1–6),False,True,False,False,,,http://daegwang.sen.es.kr,http://daegwang.sen.es.kr,daegwang.sen.es.kr,SCHOOLINFO,778effb5-d9b1-4fac-9c3a-67e3908ee13e,RESOLVED,https://www.schoolinfo.go.kr/ei/ss/Pneiss_b01_s0.do?SHL_IDF_CD=778effb5-d9b1-4fac-9c3a-67e3908ee13e,대광초등학교 | 서울특별시 성북구 안암로 5,ACTIVE,VERIFIED_OFFICIAL_REGISTRY,2026-08-27,NOT_CHECKED,,NOT_STARTED,SEEDED,INTERNAL_ONLY,P1,SEASONAL_WEEKLY,
schoolinfo:9218020d-ddfd-4a75-be96-7bf6262b8b8f,매원초등학교,,,,maewon,PROVISIONAL,PRIVATE_ELEMENTARY,PRIVATE_ELEMENTARY_SCHOOL,서울특별시,성북구,서울특별시 성북구 북악산로 870,초등학교(1–6),False,True,False,False,,,http://maewon.sen.es.kr,http://maewon.sen.es.kr,maewon.sen.es.kr,SCHOOLINFO,9218020d-ddfd-4a75-be96-7bf6262b8b8f,RESOLVED,https://www.schoolinfo.go.kr/ei/ss/Pneiss_b01_s0.do?SHL_IDF_CD=9218020d-ddfd-4a75-be96-7bf6262b8b8f,매원초등학교 | 서울특별시 성북구 북악산로 870,ACTIVE,VERIFIED_OFFICIAL_REGISTRY,2026-08-27,NOT_CHECKED,,NOT_STARTED,SEEDED,INTERNAL_ONLY,P1,SEASONAL_WEEKLY,
schoolinfo:5a337163-36fb-4d16-90bd-340aead6de9d,성신초등학교,,,,sungshin,PROVISIONAL,PRIVATE_ELEMENTARY,PRIVATE_ELEMENTARY_SCHOOL,서울특별시,성북구,서울특별시 성북구 북악산로 918,초등학교(1–6),False,True,False,False,,,http://sungshin.sen.es.kr,http://sungshin.sen.es.kr,sungshin.sen.es.kr,SCHOOLINFO,5a337163-36fb-4d16-90bd-340aead6de9d,RESOLVED,https://www.schoolinfo.go.kr/ei/ss/Pneiss_b01_s0.do?SHL_IDF_CD=5a337163-36fb-4d16-90bd-340aead6de9d,성신초등학교 | 서울특별시 성북구 북악산로 918,ACTIVE,VERIFIED_OFFICIAL_REGISTRY,2026-08-27,NOT_CHECKED,,NOT_STARTED,SEEDED,INTERNAL_ONLY,P1,SEASONAL_WEEKLY,
schoolinfo:bb8d87b0-edfa-4bd9-9c24-b11debc3ba3c,우촌초등학교,,,,uchon,PROVISIONAL,PRIVATE_ELEMENTARY,PRIVATE_ELEMENTARY_SCHOOL,서울특별시,성북구,서울특별시 성북구 성북로4길 52-1,초등학교(1–6),False,True,False,False,,,https://uchon.sen.es.kr/,https://uchon.sen.es.kr,uchon.sen.es.kr,SCHOOLINFO,bb8d87b0-edfa-4bd9-9c24-b11debc3ba3c,RESOLVED,https://www.schoolinfo.go.kr/ei/ss/Pneiss_b01_s0.do?SHL_IDF_CD=bb8d87b0-edfa-4bd9-9c24-b11debc3ba3c,우촌초등학교 | 서울특별시 성북구 성북로4길 52-1,ACTIVE,VERIFIED_OFFICIAL_REGISTRY,2026-08-27,NOT_CHECKED,,NOT_STARTED,SEEDED,INTERNAL_ONLY,P1,SEASONAL_WEEKLY,
schoolinfo-pending:skes.sen.es.kr,신광초등학교,,,,skes,PROVISIONAL,PRIVATE_ELEMENTARY,PRIVATE_ELEMENTARY_SCHOOL,서울특별시,용산구,서울특별시 용산구 청파로 263,초등학교(1–6),False,True,False,False,,,https://skes.sen.es.kr/,https://skes.sen.es.kr,skes.sen.es.kr,SCHOOLINFO,,PENDING,https://www.schoolinfo.go.kr/,신광초등학교 | 서울특별시 용산구 청파로 263,ACTIVE,VERIFIED_REGISTRY_LIST_RECORD_ID_PENDING,2026-08-27,NOT_CHECKED,,NOT_STARTED,SEEDED,INTERNAL_ONLY,P1,SEASONAL_WEEKLY,SchoolInfo deep-link UUID must be reconciled before production import.
schoolinfo:49b99ce1-fb43-4b1a-ad44-414700bd7bfe,선일초등학교,,,,sunil,PROVISIONAL,PRIVATE_ELEMENTARY,PRIVATE_ELEMENTARY_SCHOOL,서울특별시,은평구,서울특별시 은평구 갈현로29길 27,초등학교(1–6),False,True,False,False,,,http://sunil.sen.es.kr,http://sunil.sen.es.kr,sunil.sen.es.kr,SCHOOLINFO,49b99ce1-fb43-4b1a-ad44-414700bd7bfe,RESOLVED,https://www.schoolinfo.go.kr/ei/ss/Pneiss_b01_s0.do?SHL_IDF_CD=49b99ce1-fb43-4b1a-ad44-414700bd7bfe,선일초등학교 | 서울특별시 은평구 갈현로29길 27,ACTIVE,VERIFIED_OFFICIAL_REGISTRY,2026-08-27,NOT_CHECKED,,NOT_STARTED,SEEDED,INTERNAL_ONLY,P1,SEASONAL_WEEKLY,
schoolinfo:6b9e1611-3bfa-47d8-aee9-ba199ed7038d,예일초등학교,,,,yale,PROVISIONAL,PRIVATE_ELEMENTARY,PRIVATE_ELEMENTARY_SCHOOL,서울특별시,은평구,서울특별시 은평구 연서로 117,초등학교(1–6),False,True,False,False,,,https://yale.sen.es.kr/,https://yale.sen.es.kr,yale.sen.es.kr,SCHOOLINFO,6b9e1611-3bfa-47d8-aee9-ba199ed7038d,RESOLVED,https://www.schoolinfo.go.kr/ei/ss/Pneiss_b01_s0.do?SHL_IDF_CD=6b9e1611-3bfa-47d8-aee9-ba199ed7038d,예일초등학교 | 서울특별시 은평구 연서로 117,ACTIVE,VERIFIED_OFFICIAL_REGISTRY,2026-08-27,NOT_CHECKED,,NOT_STARTED,SEEDED,INTERNAL_ONLY,P1,SEASONAL_WEEKLY,
schoolinfo:63e9de80-cb05-4152-9bfa-950e9376a9d5,충암초등학교,,,,choongam,PROVISIONAL,PRIVATE_ELEMENTARY,PRIVATE_ELEMENTARY_SCHOOL,서울특별시,은평구,서울특별시 은평구 가좌로5길 5,초등학교(1–6),False,True,False,False,,,http://choongam.sen.es.kr,http://choongam.sen.es.kr,choongam.sen.es.kr,SCHOOLINFO,63e9de80-cb05-4152-9bfa-950e9376a9d5,RESOLVED,https://www.schoolinfo.go.kr/ei/ss/Pneiss_b01_s0.do?SHL_IDF_CD=63e9de80-cb05-4152-9bfa-950e9376a9d5,충암초등학교 | 서울특별시 은평구 가좌로5길 5,ACTIVE,VERIFIED_OFFICIAL_REGISTRY,2026-08-27,NOT_CHECKED,,NOT_STARTED,SEEDED,INTERNAL_ONLY,P1,SEASONAL_WEEKLY,
schoolinfo:d2729baf-9f46-4ed1-96d7-f5835b7fc75f,상명대학교사범대학부속초등학교,,,,sangmyung-ae,PROVISIONAL,PRIVATE_ELEMENTARY,PRIVATE_ELEMENTARY_SCHOOL,서울특별시,종로구,서울특별시 종로구 홍지문2길 1,초등학교(1–6),False,True,False,False,,,http://sangmyung-ae.sen.es.kr,http://sangmyung-ae.sen.es.kr,sangmyung-ae.sen.es.kr,SCHOOLINFO,d2729baf-9f46-4ed1-96d7-f5835b7fc75f,RESOLVED,https://www.schoolinfo.go.kr/ei/ss/Pneiss_b01_s0.do?SHL_IDF_CD=d2729baf-9f46-4ed1-96d7-f5835b7fc75f,상명대학교사범대학부속초등학교 | 서울특별시 종로구 홍지문2길 1,ACTIVE,VERIFIED_OFFICIAL_REGISTRY,2026-08-27,NOT_CHECKED,,NOT_STARTED,SEEDED,INTERNAL_ONLY,P1,SEASONAL_WEEKLY,
schoolinfo:fa4c7b76-0e2c-469e-9020-7c3676312b02,운현초등학교,,,,unhyun,PROVISIONAL,PRIVATE_ELEMENTARY,PRIVATE_ELEMENTARY_SCHOOL,서울특별시,종로구,서울특별시 종로구 삼일대로 460,초등학교(1–6),False,True,False,False,,,http://unhyun.sen.es.kr,http://unhyun.sen.es.kr,unhyun.sen.es.kr,SCHOOLINFO,fa4c7b76-0e2c-469e-9020-7c3676312b02,RESOLVED,https://www.schoolinfo.go.kr/ei/ss/Pneiss_b01_s0.do?SHL_IDF_CD=fa4c7b76-0e2c-469e-9020-7c3676312b02,운현초등학교 | 서울특별시 종로구 삼일대로 460,ACTIVE,VERIFIED_OFFICIAL_REGISTRY,2026-08-27,NOT_CHECKED,,NOT_STARTED,SEEDED,INTERNAL_ONLY,P1,SEASONAL_WEEKLY,
schoolinfo:dd2cf25c-0c9f-455d-9f2e-d559c571ff0b,동산초등학교,,,,seoul-dongsan,PROVISIONAL,PRIVATE_ELEMENTARY,PRIVATE_ELEMENTARY_SCHOOL,서울특별시,중구,서울특별시 중구 매봉18길 109,초등학교(1–6),False,True,False,False,,,http://seoul-dongsan.sen.es.kr,http://seoul-dongsan.sen.es.kr,seoul-dongsan.sen.es.kr,SCHOOLINFO,dd2cf25c-0c9f-455d-9f2e-d559c571ff0b,RESOLVED,https://www.schoolinfo.go.kr/ei/ss/Pneiss_b01_s0.do?SHL_IDF_CD=dd2cf25c-0c9f-455d-9f2e-d559c571ff0b,동산초등학교 | 서울특별시 중구 매봉18길 109,ACTIVE,VERIFIED_OFFICIAL_REGISTRY,2026-08-27,NOT_CHECKED,,NOT_STARTED,SEEDED,INTERNAL_ONLY,P1,SEASONAL_WEEKLY,
schoolinfo-pending:lila.es.kr,리라초등학교,,,,lila,PROVISIONAL,PRIVATE_ELEMENTARY,PRIVATE_ELEMENTARY_SCHOOL,서울특별시,중구,서울특별시 중구 소파로2길 7,초등학교(1–6),False,True,False,False,,,http://www.lila.es.kr,http://www.lila.es.kr,lila.es.kr,SCHOOLINFO,,PENDING,https://www.schoolinfo.go.kr/,리라초등학교 | 서울특별시 중구 소파로2길 7,ACTIVE,VERIFIED_REGISTRY_LIST_RECORD_ID_PENDING,2026-08-27,NOT_CHECKED,,NOT_STARTED,SEEDED,INTERNAL_ONLY,P1,SEASONAL_WEEKLY,SchoolInfo deep-link UUID must be reconciled before production import.
schoolinfo:81b0169a-eeca-413c-875f-7f6e37065f7c,숭의초등학교,,,,soongeui,PROVISIONAL,PRIVATE_ELEMENTARY,PRIVATE_ELEMENTARY_SCHOOL,서울특별시,중구,서울특별시 중구 소파로2길 10,초등학교(1–6),False,True,False,False,,,http://soongeui.sen.es.kr,http://soongeui.sen.es.kr,soongeui.sen.es.kr,SCHOOLINFO,81b0169a-eeca-413c-875f-7f6e37065f7c,RESOLVED,https://www.schoolinfo.go.kr/ei/ss/Pneiss_b01_s0.do?SHL_IDF_CD=81b0169a-eeca-413c-875f-7f6e37065f7c,숭의초등학교 | 서울특별시 중구 소파로2길 10,ACTIVE,VERIFIED_OFFICIAL_REGISTRY,2026-08-27,NOT_CHECKED,,NOT_STARTED,SEEDED,INTERNAL_ONLY,P1,SEASONAL_WEEKLY,
schoolinfo:1aeb2cdf-3475-4eca-a64f-d6552bfbb88f,금성초등학교,,,,kumsung,PROVISIONAL,PRIVATE_ELEMENTARY,PRIVATE_ELEMENTARY_SCHOOL,서울특별시,중랑구,서울특별시 중랑구 신내로21길 55,초등학교(1–6),False,True,False,False,,,http://www.kumsung.net,http://www.kumsung.net,kumsung.net,SCHOOLINFO,1aeb2cdf-3475-4eca-a64f-d6552bfbb88f,RESOLVED,https://www.schoolinfo.go.kr/ei/ss/Pneiss_b01_s0.do?SHL_IDF_CD=1aeb2cdf-3475-4eca-a64f-d6552bfbb88f,금성초등학교 | 서울특별시 중랑구 신내로21길 55,ACTIVE,VERIFIED_OFFICIAL_REGISTRY,2026-08-27,NOT_CHECKED,,NOT_STARTED,SEEDED,INTERNAL_ONLY,P1,SEASONAL_WEEKLY,
isi:ST01:32,한국외국인학교(판교),Korea International School - Pangyo,korea-international-school,Pangyo Campus,korea-international-school-pangyo,PROVISIONAL,INTERNATIONAL_SCHOOL,FOREIGN_SCHOOL,경기도,성남시 분당구,경기도 성남시 분당구 대왕판교로385번길 27,"유치원,초등학교,중학교,고등학교",True,True,True,True,영어|English,영어|English,http://www.kis.or.kr,http://www.kis.or.kr,kis.or.kr,ISI,ST01:32,RESOLVED,https://www.isi.go.kr/schl/info/SinfoView.do?schoolId=32&schoolType=ST01,한국외국인학교(판교) | 경기도 성남시 분당구 대왕판교로385번길 27,ACTIVE,VERIFIED_OFFICIAL_REGISTRY,2026-08-27,NOT_CHECKED,,NOT_STARTED,SEEDED,INTERNAL_ONLY,P0,WEEKLY,
isi:ST01:33,서울국제학교,Seoul International School,,,seoul-international-school,PROVISIONAL,INTERNATIONAL_SCHOOL,FOREIGN_SCHOOL,경기도,성남시 수정구,경기도 성남시 수정구 성남대로1518번길 15,"유치원,초등학교,중학교,고등학교",True,True,True,True,영어|English,영어|English,http://www.siskorea.org,http://www.siskorea.org,siskorea.org,ISI,ST01:33,RESOLVED,https://www.isi.go.kr/schl/info/SinfoView.do?schoolId=33&schoolType=ST01,서울국제학교 | 경기도 성남시 수정구 성남대로1518번길 15,ACTIVE,VERIFIED_OFFICIAL_REGISTRY,2026-08-27,NOT_CHECKED,,NOT_STARTED,SEEDED,INTERNAL_ONLY,P0,WEEKLY,
isi:ST01:34,경기수원외국인학교,Gyeonggi Suwon International School,,,gyeonggi-suwon-international-school,PROVISIONAL,INTERNATIONAL_SCHOOL,FOREIGN_SCHOOL,경기도,수원시 영통구,경기도 수원시 영통구 영통로 451 (영통동),"유치원,초등학교,중학교,고등학교",True,True,True,True,영어|English,영어|English,http://www.gsis.sc.kr,http://www.gsis.sc.kr,gsis.sc.kr,ISI,ST01:34,RESOLVED,https://www.isi.go.kr/schl/info/SinfoView.do?schoolId=34&schoolType=ST01,경기수원외국인학교 | 경기도 수원시 영통구 영통로 451 (영통동),ACTIVE,VERIFIED_OFFICIAL_REGISTRY,2026-08-27,NOT_CHECKED,,NOT_STARTED,SEEDED,INTERNAL_ONLY,P0,WEEKLY,
isi:ST01:38,수원화교중정소학교,Suwon Chinese International School,,,suwon-chinese-international-school,PROVISIONAL,INTERNATIONAL_SCHOOL,FOREIGN_SCHOOL,경기도,수원시 팔달구,경기도 수원시 팔달구 효원로85번길 62-7,"유치원,초등학교",True,True,False,False,중국어|Chinese,중국어|Chinese,www.scis.sc.kr,http://www.scis.sc.kr,scis.sc.kr,ISI,ST01:38,RESOLVED,https://www.isi.go.kr/schl/info/SinfoView.do?schoolId=38&schoolType=ST01,수원화교중정소학교 | 경기도 수원시 팔달구 효원로85번길 62-7,ACTIVE,VERIFIED_OFFICIAL_REGISTRY,2026-08-27,NOT_CHECKED,,NOT_STARTED,SEEDED,INTERNAL_ONLY,P0,WEEKLY,
isi:ST01:36,국제 크리스쳔학교,International Christian School of Uijongbu,,,international-christian-school-uijongbu,PROVISIONAL,INTERNATIONAL_SCHOOL,FOREIGN_SCHOOL,경기도,의정부시,경기도 의정부시 진등로 28 (녹양동),"초등학교,중학교,고등학교",False,True,True,True,영어|English,영어|English,http://www.icsu.kr,http://www.icsu.kr,icsu.kr,ISI,ST01:36,RESOLVED,https://www.isi.go.kr/schl/info/SinfoView.do?schoolId=36&schoolType=ST01,국제 크리스쳔학교 | 경기도 의정부시 진등로 28 (녹양동),ACTIVE,VERIFIED_OFFICIAL_REGISTRY,2026-08-27,NOT_CHECKED,,NOT_STARTED,SEEDED,INTERNAL_ONLY,P0,WEEKLY,
isi:ST01:57,평택크리스천외국인학교,Pyeongtaek International Christian School,,,pyeongtaek-international-christian-school,PROVISIONAL,INTERNATIONAL_SCHOOL,FOREIGN_SCHOOL,경기도,평택시,경기도 평택시 신대고잔길 53,"유치원,초등학교,중학교,고등학교",True,True,True,True,영어|English,영어|English,http://www.icsptk.org,http://www.icsptk.org,icsptk.org,ISI,ST01:57,RESOLVED,https://www.isi.go.kr/schl/info/SinfoView.do?schoolId=57&schoolType=ST01,평택크리스천외국인학교 | 경기도 평택시 신대고잔길 53,ACTIVE,VERIFIED_OFFICIAL_REGISTRY,2026-08-27,NOT_CHECKED,,NOT_STARTED,SEEDED,INTERNAL_ONLY,P0,WEEKLY,
isi:ST01:1,한국외국인학교(서울캠퍼스),Korea International School - Seoul,korea-international-school,Seoul Campus,korea-international-school-seoul,PROVISIONAL,INTERNATIONAL_SCHOOL,FOREIGN_SCHOOL,서울특별시,강남구,서울특별시 강남구 개포로 408,"유치원,초등학교",True,True,False,False,영어|English,영어|English,http://kisseoul.or.kr/,http://kisseoul.or.kr,kisseoul.or.kr,ISI,ST01:1,RESOLVED,https://www.isi.go.kr/schl/info/SinfoView.do?schoolId=1&schoolType=ST01,한국외국인학교(서울캠퍼스) | 서울특별시 강남구 개포로 408,ACTIVE,VERIFIED_OFFICIAL_REGISTRY,2026-08-27,NOT_CHECKED,,NOT_STARTED,SEEDED,INTERNAL_ONLY,P0,WEEKLY,
isi:ST01:20,재한몽골학교,International Mongolian School,,,international-mongolian-school,PROVISIONAL,INTERNATIONAL_SCHOOL,FOREIGN_SCHOOL,서울특별시,광진구,서울특별시 광진구 광장로 1 (광장동),"초등학교,중학교,고등학교",False,True,True,True,"몽골어,한국어|Mongolian,Korean","몽골어,한국어|Mongolian,Korean",http://www.mongolschool.org,http://www.mongolschool.org,mongolschool.org,ISI,ST01:20,RESOLVED,https://www.isi.go.kr/schl/info/SinfoView.do?schoolId=20&schoolType=ST01,재한몽골학교 | 서울특별시 광진구 광장로 1 (광장동),ACTIVE,VERIFIED_OFFICIAL_REGISTRY,2026-08-27,NOT_CHECKED,,NOT_STARTED,SEEDED,INTERNAL_ONLY,P0,WEEKLY,
isi:ST01:3,한국켄트외국인학교,KOREA KENT FOREIGN SCHOOL,,,korea-kent-foreign-school,PROVISIONAL,INTERNATIONAL_SCHOOL,FOREIGN_SCHOOL,서울특별시,광진구,서울특별시 광진구 자양로35길 13,"유치원,초등학교,중학교,고등학교",True,True,True,True,영어|English,영어|English,http://www.kkfs.org,http://www.kkfs.org,kkfs.org,ISI,ST01:3,RESOLVED,https://www.isi.go.kr/schl/info/SinfoView.do?schoolId=3&schoolType=ST01,한국켄트외국인학교 | 서울특별시 광진구 자양로35길 13,ACTIVE,VERIFIED_OFFICIAL_REGISTRY,2026-08-27,NOT_CHECKED,,NOT_STARTED,SEEDED,INTERNAL_ONLY,P0,WEEKLY,
isi:ST01:4,아시아퍼시픽국제외국인학교,Asia Pacific International School,,,asia-pacific-international-school-seoul,PROVISIONAL,INTERNATIONAL_SCHOOL,FOREIGN_SCHOOL,서울특별시,노원구,서울특별시 노원구 월계로45가길 57 (월계동),"유치원,초등학교,중학교,고등학교",True,True,True,True,영어|English,영어|English,http://www.apis.org,http://www.apis.org,apis.org,ISI,ST01:4,RESOLVED,https://www.isi.go.kr/schl/info/SinfoView.do?schoolId=4&schoolType=ST01,아시아퍼시픽국제외국인학교 | 서울특별시 노원구 월계로45가길 57 (월계동),ACTIVE,VERIFIED_OFFICIAL_REGISTRY,2026-08-27,NOT_CHECKED,,NOT_STARTED,SEEDED,INTERNAL_ONLY,P0,WEEKLY,
isi:ST01:76,서울드와이트외국인학교,Dwight School Seoul,,,dwight-school-seoul,PROVISIONAL,INTERNATIONAL_SCHOOL,FOREIGN_SCHOOL,서울특별시,마포구,서울특별시 마포구 월드컵북로62길 21 (상암동),"유치원,초등학교,중학교,고등학교",True,True,True,True,영어|English,영어|English,http://www.dwight.or.kr/,http://www.dwight.or.kr,dwight.or.kr,ISI,ST01:76,RESOLVED,https://www.isi.go.kr/schl/info/SinfoView.do?schoolId=76&schoolType=ST01,서울드와이트외국인학교 | 서울특별시 마포구 월드컵북로62길 21 (상암동),ACTIVE,VERIFIED_OFFICIAL_REGISTRY,2026-08-27,NOT_CHECKED,,NOT_STARTED,SEEDED,INTERNAL_ONLY,P0,WEEKLY,
isi:ST01:18,서울일본인학교,Japanese School in Seoul,,,japanese-school-in-seoul,PROVISIONAL,INTERNATIONAL_SCHOOL,FOREIGN_SCHOOL,서울특별시,마포구,서울특별시 마포구 월드컵북로62길 11 (상암동),"유치원,초등학교,중학교",True,True,True,False,일본어|Japanese,일본어|Japanese,http://www.sjs.or.kr,http://www.sjs.or.kr,sjs.or.kr,ISI,ST01:18,RESOLVED,https://www.isi.go.kr/schl/info/SinfoView.do?schoolId=18&schoolType=ST01,서울일본인학교 | 서울특별시 마포구 월드컵북로62길 11 (상암동),ACTIVE,VERIFIED_OFFICIAL_REGISTRY,2026-08-27,NOT_CHECKED,,NOT_STARTED,SEEDED,INTERNAL_ONLY,P0,WEEKLY,
isi:ST01:5,서울외국인학교,Seoul Foreign School,,,seoul-foreign-school,PROVISIONAL,INTERNATIONAL_SCHOOL,FOREIGN_SCHOOL,서울특별시,서대문구,서울특별시 서대문구 연희로22길 39,"유치원,초등학교,중학교,고등학교",True,True,True,True,영어|English,영어|English,http://www.seoulforeign.org,http://www.seoulforeign.org,seoulforeign.org,ISI,ST01:5,RESOLVED,https://www.isi.go.kr/schl/info/SinfoView.do?schoolId=5&schoolType=ST01,서울외국인학교 | 서울특별시 서대문구 연희로22길 39,ACTIVE,VERIFIED_OFFICIAL_REGISTRY,2026-08-27,NOT_CHECKED,,NOT_STARTED,SEEDED,INTERNAL_ONLY,P0,WEEKLY,
isi:ST01:56,덜위치칼리지서울영국학교,Dulwich College Seoul British School,,,dulwich-college-seoul,PROVISIONAL,INTERNATIONAL_SCHOOL,FOREIGN_SCHOOL,서울특별시,서초구,서울특별시 서초구 신반포로15길 6,"유치원,초등학교,중학교,고등학교",True,True,True,True,영어|English,영어|English,http://www.dulwich-seoul.kr,http://www.dulwich-seoul.kr,dulwich-seoul.kr,ISI,ST01:56,RESOLVED,https://www.isi.go.kr/schl/info/SinfoView.do?schoolId=56&schoolType=ST01,덜위치칼리지서울영국학교 | 서울특별시 서초구 신반포로15길 6,ACTIVE,VERIFIED_OFFICIAL_REGISTRY,2026-08-27,NOT_CHECKED,,NOT_STARTED,SEEDED,INTERNAL_ONLY,P0,WEEKLY,
isi:ST01:16,서울프랑스학교,Lycee Francais de Seoul,,,lycee-francais-de-seoul,PROVISIONAL,INTERNATIONAL_SCHOOL,FOREIGN_SCHOOL,서울특별시,서초구,서울특별시 서초구 서래로 7 (반포동),"유치원,초등학교,중학교,고등학교",True,True,True,True,프랑스어|Franch,프랑스어|French,http://lfseoul.org,http://lfseoul.org,lfseoul.org,ISI,ST01:16,RESOLVED,https://www.isi.go.kr/schl/info/SinfoView.do?schoolId=16&schoolType=ST01,서울프랑스학교 | 서울특별시 서초구 서래로 7 (반포동),ACTIVE,VERIFIED_OFFICIAL_REGISTRY,2026-08-27,NOT_CHECKED,,NOT_STARTED,SEEDED,INTERNAL_ONLY,P0,WEEKLY,Official ISI raw language text preserved; normalized value corrects only the obvious portal token 'Franch'.
isi:ST01:6,코리아외국인학교,Korea Foreign School,,,korea-foreign-school,PROVISIONAL,INTERNATIONAL_SCHOOL,FOREIGN_SCHOOL,서울특별시,서초구,서울특별시 서초구 남부순환로364길 7-16 (양재동),"초등학교,중학교,고등학교",False,True,True,True,영어|English,영어|English,http://koreaforeign.org/,http://koreaforeign.org,koreaforeign.org,ISI,ST01:6,RESOLVED,https://www.isi.go.kr/schl/info/SinfoView.do?schoolId=6&schoolType=ST01,코리아외국인학교 | 서울특별시 서초구 남부순환로364길 7-16 (양재동),ACTIVE,VERIFIED_OFFICIAL_REGISTRY,2026-08-27,NOT_CHECKED,,NOT_STARTED,SEEDED,INTERNAL_ONLY,P0,WEEKLY,
isi:ST01:13,한국영등포화교소학교,Yeong deng pou korea Chinese primary school,,,yeongdeungpo-korea-chinese-primary-school,PROVISIONAL,INTERNATIONAL_SCHOOL,FOREIGN_SCHOOL,서울특별시,영등포구,서울특별시 영등포구 경인로88길 9,초등학교,False,True,False,False,중국어|Chinese,중국어|Chinese,http://yongxiao.kr/,http://yongxiao.kr,yongxiao.kr,ISI,ST01:13,RESOLVED,https://www.isi.go.kr/schl/info/SinfoView.do?schoolId=13&schoolType=ST01,한국영등포화교소학교 | 서울특별시 영등포구 경인로88길 9,ACTIVE,VERIFIED_OFFICIAL_REGISTRY,2026-08-27,NOT_CHECKED,,NOT_STARTED,SEEDED,INTERNAL_ONLY,P0,WEEKLY,
isi:ST01:19,서울독일학교,Deutsche Schule Seoul International,,,deutsche-schule-seoul-international,PROVISIONAL,INTERNATIONAL_SCHOOL,FOREIGN_SCHOOL,서울특별시,용산구,서울특별시 용산구 독서당로 123-6,"유치원,초등학교,중학교,고등학교",True,True,True,True,독일어|German,독일어|German,http://www.dsseoul.org,http://www.dsseoul.org,dsseoul.org,ISI,ST01:19,RESOLVED,https://www.isi.go.kr/schl/info/SinfoView.do?schoolId=19&schoolType=ST01,서울독일학교 | 서울특별시 용산구 독서당로 123-6,ACTIVE,VERIFIED_OFFICIAL_REGISTRY,2026-08-27,NOT_CHECKED,,NOT_STARTED,SEEDED,INTERNAL_ONLY,P0,WEEKLY,
isi:ST01:10,서울용산국제학교,Yongsan International School of Seoul,,,yongsan-international-school-of-seoul,PROVISIONAL,INTERNATIONAL_SCHOOL,FOREIGN_SCHOOL,서울특별시,용산구,서울특별시 용산구 이태원로 285,"유치원,초등학교,중학교,고등학교",True,True,True,True,영어|English,영어|English,http://www.yisseoul.org,http://www.yisseoul.org,yisseoul.org,ISI,ST01:10,RESOLVED,https://www.isi.go.kr/schl/info/SinfoView.do?schoolId=10&schoolType=ST01,서울용산국제학교 | 서울특별시 용산구 이태원로 285,ACTIVE,VERIFIED_OFFICIAL_REGISTRY,2026-08-27,NOT_CHECKED,,NOT_STARTED,SEEDED,INTERNAL_ONLY,P0,WEEKLY,
isi:ST01:8,지구촌기독외국인학교,Global Christian Foreign School,,,global-christian-foreign-school,PROVISIONAL,INTERNATIONAL_SCHOOL,FOREIGN_SCHOOL,서울특별시,용산구,서울특별시 용산구 독서당로 115,"유치원,초등학교,중학교,고등학교",True,True,True,True,영어|English,영어|English,http://www.gcfskorea.org,http://www.gcfskorea.org,gcfskorea.org,ISI,ST01:8,RESOLVED,https://www.isi.go.kr/schl/info/SinfoView.do?schoolId=8&schoolType=ST01,지구촌기독외국인학교 | 서울특별시 용산구 독서당로 115,ACTIVE,VERIFIED_OFFICIAL_REGISTRY,2026-08-27,NOT_CHECKED,,NOT_STARTED,SEEDED,INTERNAL_ONLY,P0,WEEKLY,
isi:ST01:17,하비에르 국제학교,Lycee International Xavier,,,lycee-international-xavier,PROVISIONAL,INTERNATIONAL_SCHOOL,FOREIGN_SCHOOL,서울특별시,종로구,서울특별시 종로구 비봉길 23,"초등학교,중학교,고등학교",False,True,True,True,프랑스어|Franch,프랑스어|French,http://www.xavier.sc.kr,http://www.xavier.sc.kr,xavier.sc.kr,ISI,ST01:17,RESOLVED,https://www.isi.go.kr/schl/info/SinfoView.do?schoolId=17&schoolType=ST01,하비에르 국제학교 | 서울특별시 종로구 비봉길 23,ACTIVE,VERIFIED_OFFICIAL_REGISTRY,2026-08-27,NOT_CHECKED,,NOT_STARTED,SEEDED,INTERNAL_ONLY,P0,WEEKLY,Official ISI raw language text preserved; normalized value corrects only the obvious portal token 'Franch'.
isi:ST01:15,한국한성화교소학교,SEOUL CHINESE PRIMARY SCHOOL,,,seoul-chinese-primary-school,PROVISIONAL,INTERNATIONAL_SCHOOL,FOREIGN_SCHOOL,서울특별시,중구,서울특별시 중구 명동2길 35,"유치원,초등학교",True,True,False,False,중국어|Chinese,중국어|Chinese,http://www.hanxiao.or.kr,http://www.hanxiao.or.kr,hanxiao.or.kr,ISI,ST01:15,RESOLVED,https://www.isi.go.kr/schl/info/SinfoView.do?schoolId=15&schoolType=ST01,한국한성화교소학교 | 서울특별시 중구 명동2길 35,ACTIVE,VERIFIED_OFFICIAL_REGISTRY,2026-08-27,NOT_CHECKED,,NOT_STARTED,SEEDED,INTERNAL_ONLY,P0,WEEKLY,
